<?xml version="1.0" encoding="utf-8"?>
<install version="1.5" type="template">
<name>vr_dellistore_j15</name>
<creationDate>10 June 2009</creationDate>
<author>Dellustrations.com, SmashingMagazine.com And PixelThemes.com</author>
<copyright></copyright>
<authorEmail></authorEmail>
<authorUrl>http://www.pixelthemes.com/</authorUrl>
<version>1.0</version>
<description>vr_dellistore_j15 Joomla Template converted from free Dellistore xhtml template</description>
<files>
      <filename>css/corej.css</filename>
      <filename>css/editor_content.css</filename>
      <filename>css/ie6.css</filename>
      <filename>css/index.html</filename>
      <filename>css/layout-core.css</filename>
      <filename>css/layout.css</filename>
      <filename>css/mainmenu.css</filename>
      <filename>css/menubottom.css</filename>
      <filename>css/topmenu.css</filename>
      <filename>html/index.html</filename>
      <filename>html/modules.php</filename>
      <filename>images/arrow.gif</filename>
      <filename>images/arrow.png</filename>
      <filename>images/arrow5.gif</filename>
      <filename>images/bg-body.png</filename>
      <filename>images/bg-border-left-bottom.gif</filename>
      <filename>images/bg-border-left-top.gif</filename>
      <filename>images/bg-border-right-bottom.gif</filename>
      <filename>images/bg-border-right-top.gif</filename>
      <filename>images/bg-h2.gif</filename>
      <filename>images/bg-header-transparent.png</filename>
      <filename>images/bg-header.jpg</filename>
      <filename>images/bg-leftblock-bottom.png</filename>
      <filename>images/bg-leftblock-top.png</filename>
      <filename>images/bg-leftblock.png</filename>
      <filename>images/bg-link-bullet.png</filename>
      <filename>images/bg-logo.png</filename>
      <filename>images/bg-nav-link-active-right.png</filename>
      <filename>images/bg-nav-link-active.png</filename>
      <filename>images/bg-nav-link-right.png</filename>
      <filename>images/bg-nav-link.png</filename>
      <filename>images/bg-rightblock-bottom.png</filename>
      <filename>images/bg-rightblock-top.png</filename>
      <filename>images/bg-rightblock.png</filename>
      <filename>images/bg-submit-signup.png</filename>
      <filename>images/bg-submit.png</filename>
      <filename>images/bg-text-input.png</filename>
      <filename>images/bg-textarea.png</filename>
      <filename>images/bg-yellow-button-right.png</filename>
      <filename>images/bg-yellow-button.png</filename>
      <filename>images/buttons.jpg</filename>
      <filename>images/calendar.png</filename>
      <filename>images/emailButton.png</filename>
      <filename>images/img-cake-small.jpg</filename>
      <filename>images/img-cake.jpg</filename>
      <filename>images/img-interier-small.jpg</filename>
      <filename>images/img-interier.jpg</filename>
      <filename>images/indent1.png</filename>
      <filename>images/indent2.png</filename>
      <filename>images/indent3.png</filename>
      <filename>images/indent4.png</filename>
      <filename>images/index.html</filename>
      <filename>images/liststyle.jpg</filename>
      <filename>images/pathway.gif</filename>
      <filename>images/pdf_button.png</filename>
      <filename>images/printButton.png</filename>
      <filename>images/readmore-bg.gif</filename>
      <filename>images/readon_hover.png</filename>
      <filename>images/readon_normal.png</filename>
      <filename>images/Thumbs.db</filename>
      <filename>images/trans-bg.gif</filename>
      <filename>images/trans-bg.png</filename>
      <filename>images/x.gif</filename>
      <filename>index.php</filename>
      <filename>mainbody.php</filename>
      <filename>params.ini</filename>
      <filename>templateDetails.xml</filename>
      <filename>template_thumbnail.png</filename>
</files>
<positions>
</positions>         
<params>
</params>
</install>