<?xml version="1.0" encoding="utf-8"?>
<install version="1.5" type="template">
	<name>success_v2_0_j15</name>
	<version>2.0.0</version>
	<creationDate>06/2009</creationDate>
	<author>Zuczkowski Media Design Solutions</author>
	<authorEmail>info@malykay-graphics.com</authorEmail>
	<authorUrl>http://www.zuczkowski.pl</authorUrl>
	<copyright>Zuczkowski Media Design Solutions</copyright>
	<license>SG TOS</license>
	<description>TEMPLATE_DESCRIPTION</description>
	<files>
		<filename>index.php</filename>
		<filename>templateDetails.xml</filename>
		<filename>template_thumbnail.png</filename>
		<filename>params.ini</filename>
		<filename>templates.php</filename>
		
		<filename>images/bg.gif</filename>
		<filename>images/but.png</filename>
		<filename>images/but_hover.png</filename>
		<filename>images/content.png</filename>
		<filename>images/content_top.png</filename>
		<filename>images/h3.png</filename>
		<filename>images/header.jpg</filename>
		<filename>images/indent1.png</filename>
		<filename>images/indent2.png</filename>
		<filename>images/indent3.png</filename>
		<filename>images/indent4.png</filename>
		<filename>images/l_r_bottom.gif</filename>
		<filename>images/l_r_middle.gif</filename>
		<filename>images/l_r_top.gif</filename>
		<filename>images/menu_row.gif</filename>
		<filename>images/menu_separator.png</filename>
		
		<filename>css/index.html</filename>
		<filename>css/template.css</filename>
		<filename>css/editor.css</filename>
		<filename>css/ie6.css</filename>
	</files>

	<languages>
		<language tag="en-GB">en-GB.tpl_success_v2_0_j15.ini</language>
	</languages>
	<administration>
	    <languages folder="admin">
			<language tag="en-GB">en-GB.tpl_success_v2_0_j15.ini</language>
		</languages>
    </administration>
</install>
